2025-11-21T17:18:07.805268,Shoes,Apparel,4,51.33,205.32
2025-11-21T17:18:10.814388,T-Shirt,Apparel,2,27.33,54.66
2025-11-21T17:18:13.822224,Laptop,Electronics,2,1451.51,2903.02
2025-11-21T17:18:16.827551,Laptop,Electronics,2,981.14,1962.28
2025-11-21T17:18:19.831451,Headphones,Electronics,4,184.12,736.48
2025-11-21T17:18:22.836068,Coffee,Grocery,5,7.19,35.95
2025-11-21T17:18:25.843412,T-Shirt,Apparel,1,27.92,27.92
2025-11-21T17:18:28.851009,Headphones,Electronics,5,83.14,415.7
2025-11-21T17:18:31.856758,Laptop,Electronics,2,1207.68,2415.36
2025-11-21T17:18:34.859906,Headphones,Electronics,5,152.37,761.85
2025-11-21T17:18:37.867395,Coffee,Grocery,3,5.48,16.44
2025-11-21T17:18:40.872989,T-Shirt,Apparel,5,20.72,103.6
2025-11-21T17:18:43.880532,Laptop,Electronics,3,1163.47,3490.41
2025-11-21T17:18:46.883753,T-Shirt,Apparel,1,22.4,22.4
2025-11-21T17:18:49.886922,Coffee,Grocery,5,7.85,39.25
2025-11-21T17:18:52.894290,Laptop,Electronics,5,1488.18,7440.9
2025-11-21T17:18:55.897356,Coffee,Grocery,5,7.5,37.5
2025-11-21T17:18:58.905744,T-Shirt,Apparel,2,25.74,51.48
2025-11-21T17:19:01.913227,T-Shirt,Apparel,5,29.28,146.4
2025-11-21T17:19:04.921996,Coffee,Grocery,1,6.6,6.6
2025-11-21T17:19:07.929031,Headphones,Electronics,3,147.03,441.09
2025-11-21T17:19:10.938627,Laptop,Electronics,1,1251.33,1251.33
2025-11-21T17:19:13.952034,T-Shirt,Apparel,5,22.82,114.1
2025-11-21T17:19:16.958406,Laptop,Electronics,5,1479.08,7395.4
2025-11-21T17:19:19.961801,Laptop,Electronics,5,1228.41,6142.05
2025-11-21T17:19:22.969117,Headphones,Electronics,4,64.49,257.96
2025-11-21T17:19:25.974669,Headphones,Electronics,5,100.1,500.5
2025-11-21T17:19:28.982395,T-Shirt,Apparel,1,27.79,27.79
2025-11-21T17:19:31.993685,Coffee,Grocery,3,7.43,22.29
2025-11-21T17:19:35.001255,Shoes,Apparel,5,92.49,462.45
2025-11-21T17:19:38.007014,Shoes,Apparel,1,107.53,107.53
2025-11-21T17:19:41.019323,Coffee,Grocery,4,4.47,17.88
2025-11-21T17:19:44.048532,Laptop,Electronics,4,1064.95,4259.8
2025-11-21T17:19:47.059693,Laptop,Electronics,1,1155.12,1155.12
2025-11-21T17:19:50.062122,Laptop,Electronics,1,1018.85,1018.85
2025-11-21T17:19:53.069291,Headphones,Electronics,1,120.14,120.14
2025-11-21T17:19:56.079936,Coffee,Grocery,4,3.34,13.36
2025-11-21T17:19:59.086638,Coffee,Grocery,3,4.39,13.17
2025-11-21T17:20:02.100704,Shoes,Apparel,1,116.72,116.72
2025-11-21T17:20:05.110977,Coffee,Grocery,3,4.97,14.91
2025-11-21T17:20:08.118607,Coffee,Grocery,1,6.94,6.94
2025-11-21T17:20:11.134582,Headphones,Electronics,2,162.34,324.68
2025-11-21T17:20:14.145471,Shoes,Apparel,5,50.15,250.75
2025-11-21T17:20:17.152682,Coffee,Grocery,5,4.24,21.2
2025-11-21T17:20:20.160852,Laptop,Electronics,4,961.48,3845.92
2025-11-21T17:20:23.169384,Headphones,Electronics,3,146.66,439.98
2025-11-21T17:20:26.173979,Headphones,Electronics,4,134.47,537.88
2025-11-21T17:20:29.178753,Headphones,Electronics,3,139.65,418.95
2025-11-21T17:20:32.185662,Shoes,Apparel,1,78.53,78.53
2025-11-21T17:20:35.191086,Coffee,Grocery,3,3.92,11.76
2025-11-21T17:20:38.198112,Headphones,Electronics,5,75.52,377.6
2025-11-21T17:20:41.201755,Headphones,Electronics,3,117.21,351.63
2025-11-21T17:20:44.208750,Shoes,Apparel,1,55.64,55.64
2025-11-21T17:20:47.211062,Laptop,Electronics,3,1406.46,4219.38
2025-11-21T17:20:50.217778,Headphones,Electronics,3,164.61,493.83
2025-11-21T17:20:53.225078,Coffee,Grocery,1,7.64,7.64
2025-11-21T17:20:56.231201,Laptop,Electronics,3,948.71,2846.13
2025-11-21T17:20:59.237953,Shoes,Apparel,4,102.06,408.24
2025-11-21T17:21:02.246596,T-Shirt,Apparel,2,20.97,41.94
2025-11-21T17:21:05.253221,Coffee,Grocery,5,3.15,15.75
2025-11-21T17:21:08.260499,T-Shirt,Apparel,4,28.9,115.6
2025-11-21T17:21:11.270118,T-Shirt,Apparel,5,28.11,140.55
2025-11-21T17:21:14.275220,Headphones,Electronics,4,119.97,479.88
2025-11-21T17:21:17.283748,Coffee,Grocery,2,3.53,7.06
2025-11-21T17:21:20.286744,Laptop,Electronics,4,1058.82,4235.28
2025-11-21T17:21:23.294649,Laptop,Electronics,2,1268.48,2536.96
2025-11-21T17:21:26.301179,Headphones,Electronics,4,124.85,499.4
2025-11-21T17:21:29.305681,Headphones,Electronics,3,82.01,246.03
2025-11-21T17:21:32.310161,Laptop,Electronics,2,1366.35,2732.7
2025-11-21T17:21:35.318343,T-Shirt,Apparel,3,14.54,43.62
2025-11-21T17:21:38.325418,T-Shirt,Apparel,3,15.09,45.27
2025-11-21T17:21:41.332600,Coffee,Grocery,5,3.11,15.55
2025-11-21T17:21:44.339549,Headphones,Electronics,2,90.34,180.68
2025-11-21T17:21:47.346249,T-Shirt,Apparel,5,17.83,89.15
2025-11-21T17:21:50.351821,Headphones,Electronics,1,126.88,126.88
2025-11-21T17:21:53.359146,Shoes,Apparel,4,90.41,361.64
2025-11-21T17:21:56.364248,Laptop,Electronics,1,1152.51,1152.51
2025-11-21T17:21:59.371590,T-Shirt,Apparel,1,25.12,25.12
2025-11-21T17:22:02.377729,T-Shirt,Apparel,3,13.21,39.63
2025-11-21T17:22:05.385289,Shoes,Apparel,5,43.02,215.1
2025-11-21T17:22:08.391328,Headphones,Electronics,4,189.89,759.56
2025-11-21T17:22:11.394192,Shoes,Apparel,2,104.88,209.76
2025-11-21T17:22:14.400108,T-Shirt,Apparel,3,15.57,46.71
2025-11-21T17:22:17.405849,Coffee,Grocery,4,5.32,21.28
2025-11-21T17:22:20.409001,Headphones,Electronics,5,64.46,322.3
2025-11-21T17:22:23.418181,Laptop,Electronics,5,961.53,4807.65
2025-11-21T17:22:26.427754,Coffee,Grocery,5,7.82,39.1
2025-11-21T17:22:29.433649,Shoes,Apparel,1,52.44,52.44
2025-11-21T17:22:32.441413,T-Shirt,Apparel,1,25.54,25.54
2025-11-21T17:22:35.449272,Headphones,Electronics,2,144.67,289.34
2025-11-21T17:22:38.457793,T-Shirt,Apparel,5,28.68,143.4
2025-11-21T17:22:41.464615,T-Shirt,Apparel,1,21.01,21.01
2025-11-21T17:22:44.472231,T-Shirt,Apparel,2,25.82,51.64
2025-11-21T17:22:47.476802,Laptop,Electronics,2,1376.09,2752.18
2025-11-21T17:22:50.481237,Headphones,Electronics,5,133.51,667.55
2025-11-21T17:22:53.488752,Headphones,Electronics,5,193.9,969.5
2025-11-21T17:22:56.494749,Headphones,Electronics,2,87.89,175.78
2025-11-21T17:22:59.500652,Coffee,Grocery,5,5.36,26.8
2025-11-21T17:23:02.507136,T-Shirt,Apparel,5,28.08,140.4
2025-11-21T17:23:05.513695,Headphones,Electronics,4,181.27,725.08
2025-11-21T17:23:08.520165,Coffee,Grocery,1,6.26,6.26
2025-11-21T17:23:11.527632,T-Shirt,Apparel,4,26.37,105.48
2025-11-21T17:23:14.531251,Shoes,Apparel,3,50.52,151.56
2025-11-21T17:23:17.538137,Headphones,Electronics,5,183.3,916.5
2025-11-21T17:23:20.544183,Headphones,Electronics,1,80.11,80.11
2025-11-21T17:23:23.549110,Laptop,Electronics,5,1342.19,6710.95
2025-11-21T17:27:04.639426,Coffee,Grocery,3,4.24,12.72
2025-11-21T17:27:07.644966,Headphones,Electronics,2,76.82,153.64
2025-11-21T17:27:10.651552,Coffee,Grocery,2,3.19,6.38
2025-11-21T17:27:13.660567,T-Shirt,Apparel,4,29.21,116.84
2025-11-21T17:27:16.663135,Shoes,Apparel,3,110.51,331.53
2025-11-21T17:27:19.669139,Headphones,Electronics,2,134.06,268.12
2025-11-21T17:27:22.676155,T-Shirt,Apparel,1,12.87,12.87
2025-11-21T17:27:25.685856,Laptop,Electronics,4,1097.3,4389.2
2025-11-21T17:27:28.692826,Laptop,Electronics,1,1001.7,1001.7
2025-11-21T17:27:31.702221,Shoes,Apparel,3,114.96,344.88
2025-11-21T17:27:34.710061,Headphones,Electronics,4,51.29,205.16
2025-11-21T17:27:37.719050,Laptop,Electronics,3,1185.36,3556.08
2025-11-21T17:27:40.724997,Shoes,Apparel,5,44.69,223.45
2025-11-21T17:27:43.733259,Coffee,Grocery,4,6.69,26.76
2025-11-21T17:27:46.741022,Laptop,Electronics,1,1122.62,1122.62
2025-11-21T17:27:49.747922,Coffee,Grocery,2,6.97,13.94
2025-11-21T17:27:52.752455,Shoes,Apparel,2,98.28,196.56
2025-11-21T17:27:55.761373,Shoes,Apparel,4,61.64,246.56
2025-11-21T17:27:58.764711,T-Shirt,Apparel,1,23.23,23.23
2025-11-21T17:28:01.772027,Shoes,Apparel,2,94.99,189.98
2025-11-21T17:28:04.780392,Coffee,Grocery,5,5.55,27.75
2025-11-21T17:28:07.785426,Laptop,Electronics,2,1332.13,2664.26
2025-11-21T17:28:10.792650,Laptop,Electronics,1,1171.47,1171.47
2025-11-21T17:28:13.801300,Headphones,Electronics,1,98.91,98.91
2025-11-21T17:28:16.807026,Shoes,Apparel,1,101.41,101.41
2025-11-21T17:28:19.814053,Laptop,Electronics,3,1038.04,3114.12
2025-11-21T17:28:22.819436,Coffee,Grocery,5,4.45,22.25
2025-11-21T17:28:25.826935,Shoes,Apparel,4,118.13,472.52
2025-11-21T17:28:28.836068,Shoes,Apparel,3,119.9,359.7
2025-11-21T17:28:31.845430,Laptop,Electronics,1,1157.78,1157.78
2025-11-21T17:28:34.853657,Coffee,Grocery,4,5.14,20.56
2025-11-21T17:28:37.860591,T-Shirt,Apparel,4,10.38,41.52
2025-11-21T17:28:40.867825,Shoes,Apparel,4,101.84,407.36
2025-11-21T17:28:43.876154,T-Shirt,Apparel,4,13.96,55.84
2025-11-21T17:28:46.885158,Shoes,Apparel,4,91.4,365.6
2025-11-21T17:28:49.892507,Coffee,Grocery,4,4.6,18.4
2025-11-21T17:28:52.902685,Headphones,Electronics,1,188.45,188.45
2025-11-21T17:28:55.917639,T-Shirt,Apparel,4,19.21,76.84
2025-11-21T17:28:58.921459,Shoes,Apparel,2,106.37,212.74
2025-11-21T17:29:01.936073,Coffee,Grocery,5,7.38,36.9
2025-11-21T17:29:04.944555,T-Shirt,Apparel,5,17.85,89.25
2025-11-21T17:29:07.951153,Headphones,Electronics,5,93.57,467.85
2025-11-21T17:29:10.962470,Headphones,Electronics,2,64.96,129.92
2025-11-21T17:29:13.971823,Shoes,Apparel,5,69.74,348.7
2025-11-21T17:29:16.980854,Laptop,Electronics,3,1406.94,4220.82
2025-11-21T17:29:19.990071,Headphones,Electronics,1,102.71,102.71
2025-11-21T17:29:22.997809,Headphones,Electronics,1,178.45,178.45
2025-11-21T17:29:26.005029,Shoes,Apparel,5,98.03,490.15
2025-11-21T17:29:29.014357,Laptop,Electronics,4,1449.0,5796.0
2025-11-21T17:29:32.023330,T-Shirt,Apparel,2,27.69,55.38
2025-11-21T17:29:35.032477,T-Shirt,Apparel,5,13.85,69.25
2025-11-21T17:29:38.041273,Coffee,Grocery,3,3.82,11.46
2025-11-21T17:29:41.049917,Coffee,Grocery,1,6.51,6.51
2025-11-21T17:29:44.057323,Headphones,Electronics,1,159.02,159.02
2025-11-21T17:29:47.064973,Headphones,Electronics,2,101.12,202.24
2025-11-21T17:29:50.073017,Headphones,Electronics,5,95.11,475.55
2025-11-21T17:29:53.076227,Laptop,Electronics,1,1357.84,1357.84
2025-11-21T17:29:56.080622,Laptop,Electronics,2,1460.95,2921.9
2025-11-21T17:29:59.084527,Laptop,Electronics,5,1191.99,5959.95
2025-11-21T17:30:02.087542,Headphones,Electronics,1,163.69,163.69
2025-11-21T17:30:05.093011,Headphones,Electronics,2,104.43,208.86
2025-11-21T17:30:08.100961,Shoes,Apparel,1,105.41,105.41
2025-11-21T17:30:11.106655,T-Shirt,Apparel,3,24.95,74.85
2025-11-21T17:30:14.110316,Coffee,Grocery,3,7.35,22.05
2025-11-21T17:30:17.117488,T-Shirt,Apparel,5,11.57,57.85
2025-11-21T17:30:20.125422,Coffee,Grocery,3,6.48,19.44
2025-11-21T17:30:23.133333,Laptop,Electronics,4,1159.47,4637.88
2025-11-21T17:30:26.141112,T-Shirt,Apparel,3,27.81,83.43
2025-11-21T17:30:29.148346,Headphones,Electronics,4,61.78,247.12
2025-11-21T17:30:32.151776,T-Shirt,Apparel,4,21.66,86.64
2025-11-21T17:30:35.159718,Headphones,Electronics,4,60.03,240.12
2025-11-21T17:30:38.162909,Laptop,Electronics,5,1369.26,6846.3
2025-11-21T17:30:41.170968,Headphones,Electronics,5,98.27,491.35
2025-11-21T17:30:44.179313,Headphones,Electronics,1,81.82,81.82
2025-11-21T17:30:47.182730,Shoes,Apparel,1,72.72,72.72
2025-11-21T17:30:50.187349,T-Shirt,Apparel,1,16.24,16.24
2025-11-21T17:30:53.192438,Headphones,Electronics,3,132.44,397.32
2025-11-21T17:30:56.195741,T-Shirt,Apparel,5,13.86,69.3
2025-11-21T17:30:59.202612,Shoes,Apparel,1,52.17,52.17
2025-11-21T17:31:02.207177,Shoes,Apparel,4,82.08,328.32
2025-11-21T17:31:05.210199,Shoes,Apparel,1,110.13,110.13
2025-11-21T17:31:08.217406,Coffee,Grocery,3,4.03,12.09
2025-11-21T17:31:11.226236,Headphones,Electronics,4,77.58,310.32
2025-11-21T17:31:14.234255,Coffee,Grocery,4,3.56,14.24
2025-11-21T17:31:17.242253,Headphones,Electronics,2,120.62,241.24
2025-11-21T17:31:20.249200,T-Shirt,Apparel,1,23.13,23.13
2025-11-21T17:31:23.257584,T-Shirt,Apparel,3,23.4,70.2
2025-11-21T17:31:26.265685,Coffee,Grocery,3,3.88,11.64
2025-11-21T17:31:29.275123,Coffee,Grocery,4,5.34,21.36
2025-11-21T17:31:32.283036,Laptop,Electronics,5,1227.01,6135.05
2025-11-21T17:31:35.292300,Shoes,Apparel,1,72.06,72.06
2025-11-21T17:31:38.301957,T-Shirt,Apparel,4,15.19,60.76
2025-11-21T17:31:41.311165,Headphones,Electronics,1,190.94,190.94
2025-11-21T17:31:44.320578,Laptop,Electronics,3,982.82,2948.46
2025-11-21T17:31:47.325539,T-Shirt,Apparel,3,15.94,47.82
2025-11-21T17:31:50.329507,Headphones,Electronics,4,70.01,280.04
2025-11-21T17:31:53.337550,Headphones,Electronics,1,147.61,147.61
2025-11-21T17:31:56.341846,Laptop,Electronics,1,960.68,960.68
2025-11-21T17:31:59.346007,Shoes,Apparel,4,113.8,455.2
2025-11-21T17:32:02.353017,Coffee,Grocery,5,5.44,27.2
2025-11-21T17:32:05.359841,Coffee,Grocery,4,5.63,22.52
2025-11-21T17:32:08.369428,Coffee,Grocery,4,3.63,14.52
2025-11-21T17:32:11.374509,Coffee,Grocery,1,6.95,6.95
2025-11-21T17:32:14.383642,Headphones,Electronics,4,84.52,338.08
2025-11-21T17:32:17.392963,Laptop,Electronics,4,1488.15,5952.6
2025-11-21T17:32:20.396472,Shoes,Apparel,4,66.37,265.48
2025-11-21T17:32:23.406964,Laptop,Electronics,5,1155.92,5779.6
2025-11-21T17:32:26.415741,Shoes,Apparel,4,83.04,332.16
2025-11-21T17:32:29.424596,Laptop,Electronics,4,1339.17,5356.68
2025-11-21T17:32:32.430989,T-Shirt,Apparel,3,22.43,67.29
2025-11-21T17:32:35.437161,T-Shirt,Apparel,4,15.93,63.72
2025-11-21T17:32:38.442526,Coffee,Grocery,5,4.9,24.5
2025-11-21T17:32:41.449515,T-Shirt,Apparel,3,13.62,40.86
2025-11-21T17:32:44.459322,Laptop,Electronics,4,1394.24,5576.96
2025-11-21T17:32:47.467157,Coffee,Grocery,5,7.41,37.05
2025-11-21T17:32:50.472126,T-Shirt,Apparel,5,18.91,94.55
2025-11-21T17:32:53.477050,Shoes,Apparel,3,108.38,325.14
2025-11-21T17:32:56.481958,Laptop,Electronics,1,1345.21,1345.21
2025-11-21T17:32:59.488903,Laptop,Electronics,1,1447.32,1447.32
2025-11-21T17:33:02.497981,T-Shirt,Apparel,5,17.68,88.4
2025-11-21T17:33:05.505303,Shoes,Apparel,2,78.04,156.08
2025-11-21T17:33:08.515035,Shoes,Apparel,3,51.36,154.08
2025-11-21T17:33:11.518366,Laptop,Electronics,1,920.94,920.94
2025-11-21T17:33:14.532770,T-Shirt,Apparel,2,20.38,40.76
2025-11-21T17:33:17.542580,Laptop,Electronics,1,1360.43,1360.43
2025-11-21T17:33:20.550936,Coffee,Grocery,3,6.61,19.83
2025-11-21T17:33:23.557717,Coffee,Grocery,2,4.88,9.76
2025-11-21T17:33:26.561962,Shoes,Apparel,5,118.6,593.0
2025-11-21T17:33:29.570310,Coffee,Grocery,5,3.69,18.45
2025-11-21T17:33:32.579554,Laptop,Electronics,1,940.13,940.13
2025-11-21T17:33:35.583286,Shoes,Apparel,5,42.2,211.0
2025-11-21T17:33:38.592617,Laptop,Electronics,1,1325.65,1325.65
2025-11-21T17:33:41.600433,Laptop,Electronics,5,1332.63,6663.15
2025-11-21T17:33:44.608801,Headphones,Electronics,2,175.26,350.52
2025-11-21T17:33:47.618154,Headphones,Electronics,5,113.34,566.7
2025-11-21T17:33:50.626647,Laptop,Electronics,1,1210.77,1210.77
2025-11-21T17:33:53.634738,Headphones,Electronics,4,139.54,558.16
2025-11-21T17:33:56.642577,Coffee,Grocery,4,5.9,23.6
2025-11-21T17:33:59.650289,Shoes,Apparel,5,114.97,574.85
2025-11-21T17:34:02.659493,T-Shirt,Apparel,3,13.56,40.68
2025-11-21T17:34:05.667373,Shoes,Apparel,2,42.81,85.62
2025-11-21T17:34:08.676282,Laptop,Electronics,2,1216.49,2432.98
2025-11-21T17:34:11.688894,T-Shirt,Apparel,5,11.92,59.6
2025-11-21T17:34:14.697699,Headphones,Electronics,4,190.03,760.12
2025-11-21T17:34:17.702603,Shoes,Apparel,4,116.19,464.76
2025-11-21T17:34:20.710596,Laptop,Electronics,4,1073.21,4292.84
2025-11-21T17:34:23.719425,Coffee,Grocery,3,3.48,10.44
2025-11-21T17:34:26.723757,Headphones,Electronics,3,65.32,195.96
2025-11-21T17:34:29.730193,Coffee,Grocery,5,4.23,21.15
2025-11-21T17:34:32.736777,Laptop,Electronics,4,987.33,3949.32
2025-11-21T17:34:35.746276,Headphones,Electronics,1,54.54,54.54
2025-11-21T17:34:38.755505,T-Shirt,Apparel,5,22.52,112.6
2025-11-21T17:34:41.762582,Headphones,Electronics,2,103.61,207.22
2025-11-21T17:34:44.768600,Coffee,Grocery,5,7.66,38.3
2025-11-21T17:34:47.775807,T-Shirt,Apparel,1,29.56,29.56
2025-11-21T17:34:50.781293,Shoes,Apparel,5,56.89,284.45
2025-11-21T17:34:53.790691,Coffee,Grocery,2,6.99,13.98
2025-11-21T17:34:56.800028,Coffee,Grocery,4,4.02,16.08
2025-11-21T17:34:59.806146,Shoes,Apparel,5,48.88,244.4
2025-11-21T17:35:02.815162,Headphones,Electronics,4,81.05,324.2
2025-11-21T17:35:05.823697,Coffee,Grocery,5,5.53,27.65
2025-11-21T17:35:08.833092,Laptop,Electronics,3,1444.84,4334.52
2025-11-21T17:35:11.843639,Coffee,Grocery,2,4.58,9.16
2025-11-21T17:35:14.849671,Headphones,Electronics,5,66.73,333.65
2025-11-21T17:35:17.858204,Headphones,Electronics,5,185.71,928.55
2025-11-21T17:35:20.867773,T-Shirt,Apparel,4,26.31,105.24
2025-11-21T17:35:23.875723,Coffee,Grocery,1,3.56,3.56
2025-11-21T17:35:26.884525,T-Shirt,Apparel,1,14.16,14.16
2025-11-21T17:35:29.891806,T-Shirt,Apparel,4,12.55,50.2
2025-11-21T17:35:32.899938,Coffee,Grocery,2,6.62,13.24
2025-11-21T17:35:35.905527,Coffee,Grocery,5,7.35,36.75
2025-11-21T17:35:38.914756,Coffee,Grocery,2,5.7,11.4
2025-11-21T17:35:41.926271,Laptop,Electronics,1,1490.04,1490.04
2025-11-21T17:35:44.934885,Headphones,Electronics,4,134.86,539.44
2025-11-21T17:35:47.944299,T-Shirt,Apparel,2,14.17,28.34
2025-11-21T17:35:50.952955,Shoes,Apparel,2,64.32,128.64
2025-11-21T17:35:53.958561,Shoes,Apparel,2,65.79,131.58
2025-11-21T17:35:56.968921,Coffee,Grocery,1,4.73,4.73
2025-11-21T17:35:59.978263,Coffee,Grocery,1,6.09,6.09
2025-11-21T17:36:02.987459,Shoes,Apparel,2,64.53,129.06
2025-11-21T17:36:05.995237,Shoes,Apparel,1,96.47,96.47
2025-11-21T17:36:09.000387,Shoes,Apparel,4,105.44,421.76
2025-11-21T17:36:12.005224,Laptop,Electronics,1,1301.75,1301.75
2025-11-21T17:36:15.013043,T-Shirt,Apparel,2,29.41,58.82
2025-11-21T17:36:18.022342,Laptop,Electronics,2,1435.22,2870.44
2025-11-21T17:36:21.032430,Coffee,Grocery,4,7.01,28.04
2025-11-21T17:36:24.040649,Laptop,Electronics,4,1237.96,4951.84
2025-11-21T17:36:27.044485,Coffee,Grocery,3,5.38,16.14
2025-11-21T17:36:30.053718,Coffee,Grocery,1,4.44,4.44
2025-11-21T17:36:33.063034,Shoes,Apparel,4,81.98,327.92
2025-11-21T17:36:36.072595,Laptop,Electronics,1,1072.17,1072.17
2025-11-21T17:36:39.077624,Coffee,Grocery,2,6.79,13.58
2025-11-21T17:36:42.085397,Coffee,Grocery,1,5.55,5.55
2025-11-21T17:36:45.094146,Shoes,Apparel,4,89.5,358.0
2025-11-21T17:36:48.099292,Laptop,Electronics,3,1125.15,3375.45
2025-11-21T17:36:51.105999,Coffee,Grocery,2,3.08,6.16
2025-11-21T17:36:54.115184,Coffee,Grocery,2,3.55,7.1
2025-11-21T17:36:57.123837,Coffee,Grocery,2,7.05,14.1
2025-11-21T17:37:00.132310,T-Shirt,Apparel,2,15.51,31.02
2025-11-21T17:37:03.136139,Coffee,Grocery,3,3.66,10.98
2025-11-21T17:37:06.143011,Laptop,Electronics,5,911.72,4558.6
2025-11-21T17:37:09.151315,Shoes,Apparel,4,105.87,423.48
2025-11-21T17:37:12.158905,Headphones,Electronics,5,104.18,520.9
2025-11-21T17:37:15.164962,Laptop,Electronics,2,1377.98,2755.96
2025-11-21T17:37:18.173208,Laptop,Electronics,1,1070.56,1070.56
2025-11-21T17:37:21.179606,Coffee,Grocery,2,3.91,7.82
2025-11-21T17:37:24.187394,Laptop,Electronics,4,1224.86,4899.44
2025-11-21T17:37:27.195127,Coffee,Grocery,5,7.63,38.15
2025-11-21T17:37:30.198856,Headphones,Electronics,5,59.68,298.4
2025-11-21T17:37:33.201957,Laptop,Electronics,1,1311.81,1311.81
2025-11-21T17:37:36.209851,Coffee,Grocery,4,5.24,20.96
2025-11-21T17:37:39.213572,Coffee,Grocery,2,3.88,7.76
2025-11-21T17:37:42.221651,Headphones,Electronics,5,144.66,723.3
2025-11-21T17:37:45.229613,Coffee,Grocery,2,3.78,7.56
2025-11-21T17:37:48.240252,Coffee,Grocery,2,7.78,15.56
2025-11-21T17:37:51.243477,T-Shirt,Apparel,3,27.2,81.6
2025-11-21T17:37:54.251162,T-Shirt,Apparel,1,24.64,24.64
2025-11-21T17:37:57.259630,T-Shirt,Apparel,2,29.51,59.02
2025-11-21T17:38:00.267198,T-Shirt,Apparel,3,28.94,86.82
2025-11-21T17:38:03.271251,Laptop,Electronics,1,1298.0,1298.0
2025-11-21T17:38:06.273306,Coffee,Grocery,5,3.87,19.35
2025-11-21T17:38:09.280987,Shoes,Apparel,5,101.16,505.8
2025-11-21T17:38:12.289193,Headphones,Electronics,4,165.41,661.64
2025-11-21T17:38:15.293628,Headphones,Electronics,4,188.03,752.12
2025-11-21T17:38:18.298695,T-Shirt,Apparel,5,22.11,110.55
2025-11-21T17:38:21.307373,Headphones,Electronics,5,159.11,795.55
2025-11-21T17:38:24.310975,T-Shirt,Apparel,4,17.43,69.72
2025-11-21T17:38:27.314300,Headphones,Electronics,1,63.73,63.73
2025-11-21T17:38:30.322852,Coffee,Grocery,3,3.46,10.38
2025-11-21T17:38:33.340502,Shoes,Apparel,5,72.61,363.05
2025-11-21T17:38:36.349141,Headphones,Electronics,3,188.79,566.37
2025-11-21T17:38:39.357656,Shoes,Apparel,2,90.48,180.96
2025-11-21T17:38:42.366726,Shoes,Apparel,4,115.1,460.4
2025-11-21T17:38:45.376116,Shoes,Apparel,5,90.2,451.0
2025-11-21T17:38:48.383779,Coffee,Grocery,4,6.36,25.44
2025-11-21T17:38:51.393179,T-Shirt,Apparel,4,19.6,78.4
2025-11-21T17:38:54.402193,Coffee,Grocery,5,6.64,33.2
2025-11-21T17:38:57.411710,Headphones,Electronics,4,168.62,674.48
2025-11-21T17:39:00.417172,Headphones,Electronics,3,195.58,586.74
2025-11-21T17:39:03.426088,Coffee,Grocery,1,4.45,4.45
2025-11-21T17:39:06.435938,T-Shirt,Apparel,3,29.96,89.88
2025-11-21T17:39:09.441363,Laptop,Electronics,5,965.81,4829.05
2025-11-21T17:39:12.451088,T-Shirt,Apparel,4,20.58,82.32
2025-11-21T17:39:15.460175,Coffee,Grocery,1,7.75,7.75
2025-11-21T17:39:18.466383,Laptop,Electronics,1,1007.05,1007.05
2025-11-21T17:39:21.476553,Laptop,Electronics,2,1309.36,2618.72
2025-11-21T17:39:24.485645,Laptop,Electronics,4,1029.62,4118.48
2025-11-21T17:39:27.495460,Shoes,Apparel,4,41.38,165.52
2025-11-21T17:39:30.510908,Coffee,Grocery,1,6.81,6.81
2025-11-21T17:39:33.517485,Headphones,Electronics,5,171.99,859.95
2025-11-21T17:39:36.526902,Laptop,Electronics,2,1312.78,2625.56
2025-11-21T17:39:39.536167,Laptop,Electronics,5,1094.86,5474.3
2025-11-21T17:39:42.544177,T-Shirt,Apparel,5,21.24,106.2
2025-11-21T17:39:45.552031,T-Shirt,Apparel,5,14.37,71.85
2025-11-21T17:39:48.559090,Shoes,Apparel,2,95.23,190.46
2025-11-21T17:39:51.567191,T-Shirt,Apparel,4,12.86,51.44
2025-11-21T17:39:54.571181,Laptop,Electronics,5,1160.98,5804.9
2025-11-21T17:39:57.580241,Shoes,Apparel,2,104.85,209.7
2025-11-21T17:40:00.583491,T-Shirt,Apparel,1,14.6,14.6
2025-11-21T17:40:03.591219,Coffee,Grocery,3,6.59,19.77
2025-11-21T17:40:06.595577,Shoes,Apparel,3,111.43,334.29
2025-11-21T17:40:09.602932,Coffee,Grocery,5,4.32,21.6
2025-11-21T17:40:12.612010,Laptop,Electronics,2,946.94,1893.88
2025-11-21T17:40:15.619871,Headphones,Electronics,1,128.28,128.28
2025-11-21T17:40:18.627755,T-Shirt,Apparel,2,20.89,41.78
2025-11-21T17:40:21.634841,Coffee,Grocery,4,6.7,26.8
2025-11-21T17:40:24.641077,T-Shirt,Apparel,5,24.84,124.2
2025-11-21T17:40:27.643170,Shoes,Apparel,1,57.65,57.65
2025-11-21T17:40:30.645953,Headphones,Electronics,1,96.2,96.2
2025-11-21T17:40:33.650757,Laptop,Electronics,1,1388.13,1388.13
2025-11-21T17:40:36.657516,Headphones,Electronics,1,81.57,81.57
2025-11-21T17:40:39.661477,Laptop,Electronics,5,1495.38,7476.9
2025-11-21T17:40:42.670116,Headphones,Electronics,3,134.49,403.47
2025-11-21T17:40:45.675539,Shoes,Apparel,4,112.42,449.68
2025-11-21T17:40:48.684326,Headphones,Electronics,1,80.68,80.68
2025-11-21T17:40:51.691305,Headphones,Electronics,1,191.59,191.59
2025-11-21T17:40:54.695463,Coffee,Grocery,4,3.58,14.32
2025-11-21T17:40:57.703134,Coffee,Grocery,5,5.12,25.6
2025-11-21T17:41:00.711053,Coffee,Grocery,5,3.82,19.1
2025-11-21T17:41:03.716320,Headphones,Electronics,5,63.54,317.7
2025-11-21T17:41:06.723388,Shoes,Apparel,2,64.31,128.62
2025-11-21T17:41:09.730307,Headphones,Electronics,1,81.98,81.98
2025-11-21T17:41:12.739394,Shoes,Apparel,3,59.08,177.24
2025-11-21T17:41:15.745537,Laptop,Electronics,1,1247.09,1247.09
2025-11-21T17:41:18.750823,T-Shirt,Apparel,4,14.27,57.08
2025-11-21T17:41:21.760169,Shoes,Apparel,1,40.51,40.51
2025-11-21T17:41:24.769433,Headphones,Electronics,4,98.95,395.8
2025-11-21T17:41:27.774921,Coffee,Grocery,5,3.7,18.5
2025-11-21T17:41:30.780408,Shoes,Apparel,5,98.38,491.9
2025-11-21T17:41:33.789677,T-Shirt,Apparel,2,18.39,36.78
2025-11-21T17:41:36.799209,T-Shirt,Apparel,4,25.82,103.28
2025-11-21T17:41:39.808473,T-Shirt,Apparel,4,15.35,61.4
2025-11-21T17:41:42.815129,Laptop,Electronics,1,1406.9,1406.9
2025-11-21T17:41:45.823265,Headphones,Electronics,3,135.59,406.77
2025-11-21T17:41:48.828415,Laptop,Electronics,3,1033.75,3101.25
2025-11-21T17:41:51.837100,Coffee,Grocery,2,4.13,8.26
2025-11-21T17:41:54.846567,Headphones,Electronics,5,122.13,610.65
2025-11-21T17:41:57.856767,Headphones,Electronics,2,66.69,133.38
2025-11-21T17:42:00.862428,T-Shirt,Apparel,2,13.94,27.88
2025-11-21T17:42:03.866991,Coffee,Grocery,2,4.6,9.2
2025-11-21T17:42:06.874847,Headphones,Electronics,3,99.36,298.08
2025-11-21T17:42:09.883670,Shoes,Apparel,3,100.06,300.18
2025-11-21T17:42:12.890907,Laptop,Electronics,2,1073.46,2146.92
2025-11-21T17:42:15.900660,Headphones,Electronics,2,170.79,341.58
2025-11-21T17:42:18.909275,Coffee,Grocery,1,4.23,4.23
2025-11-21T17:42:21.917800,Headphones,Electronics,3,189.59,568.77
2025-11-21T17:42:24.924253,Laptop,Electronics,5,1021.8,5109.0
2025-11-21T17:42:27.933503,T-Shirt,Apparel,3,11.0,33.0
2025-11-21T17:42:30.942774,Shoes,Apparel,1,63.17,63.17
2025-11-21T17:42:33.951977,T-Shirt,Apparel,1,27.77,27.77
2025-11-21T17:42:36.961318,T-Shirt,Apparel,3,10.44,31.32
2025-11-21T17:42:39.968249,Laptop,Electronics,4,1169.77,4679.08
2025-11-21T17:42:42.977682,Laptop,Electronics,4,973.98,3895.92
2025-11-21T17:42:45.986806,Shoes,Apparel,5,77.62,388.1
2025-11-21T17:42:48.994114,Shoes,Apparel,2,97.75,195.5
2025-11-21T17:42:51.999278,Laptop,Electronics,4,1186.98,4747.92
2025-11-21T17:42:55.008505,Laptop,Electronics,5,925.06,4625.3
2025-11-21T17:42:58.016316,Laptop,Electronics,3,1360.53,4081.59
2025-11-21T17:43:01.025308,Coffee,Grocery,5,6.72,33.6
2025-11-21T17:43:04.034739,Headphones,Electronics,2,144.74,289.48
2025-11-21T17:43:07.041365,T-Shirt,Apparel,4,17.12,68.48
2025-11-21T17:43:10.050190,Coffee,Grocery,4,6.85,27.4
2025-11-21T17:43:13.055593,Shoes,Apparel,1,72.62,72.62
2025-11-21T17:43:16.064939,Shoes,Apparel,5,53.54,267.7
2025-11-21T17:43:19.074119,Laptop,Electronics,2,1415.83,2831.66
2025-11-21T17:43:22.083315,Coffee,Grocery,1,5.65,5.65
2025-11-21T17:43:25.093690,Coffee,Grocery,5,4.55,22.75
2025-11-21T17:43:28.099180,Laptop,Electronics,3,991.69,2975.07
2025-11-21T17:43:31.107995,T-Shirt,Apparel,5,18.48,92.4
2025-11-21T17:43:34.117046,Coffee,Grocery,5,5.8,29.0
2025-11-21T17:43:37.124083,Laptop,Electronics,3,1092.24,3276.72
2025-11-21T17:43:40.132481,Laptop,Electronics,2,1390.19,2780.38
2025-11-21T17:43:43.138594,T-Shirt,Apparel,5,14.66,73.3
2025-11-21T17:43:46.147893,T-Shirt,Apparel,2,16.37,32.74
2025-11-21T17:43:49.158804,T-Shirt,Apparel,5,15.59,77.95
2025-11-21T17:43:52.164077,Laptop,Electronics,3,1440.2,4320.6
2025-11-21T17:43:55.166847,Shoes,Apparel,3,105.65,316.95
2025-11-21T17:43:58.174599,Coffee,Grocery,1,3.33,3.33
2025-11-21T17:44:01.182949,T-Shirt,Apparel,4,19.15,76.6
2025-11-21T17:44:04.190688,T-Shirt,Apparel,2,29.68,59.36
2025-11-21T17:44:07.197786,Shoes,Apparel,3,92.21,276.63
2025-11-21T17:44:10.208727,Shoes,Apparel,2,118.05,236.1
2025-11-21T17:44:13.219779,Shoes,Apparel,2,89.1,178.2
2025-11-21T17:44:16.224320,Coffee,Grocery,3,6.65,19.95
2025-11-21T17:44:19.231076,Headphones,Electronics,2,75.26,150.52
2025-11-21T17:44:22.239143,Shoes,Apparel,1,71.63,71.63
2025-11-21T17:44:25.246445,Coffee,Grocery,2,5.36,10.72
2025-11-21T17:44:28.256590,T-Shirt,Apparel,4,23.11,92.44
2025-11-21T17:44:31.265024,Shoes,Apparel,3,52.5,157.5
2025-11-21T17:44:34.274937,Coffee,Grocery,4,4.04,16.16
2025-11-21T17:44:37.282274,Headphones,Electronics,2,117.36,234.72
2025-11-21T17:44:40.288267,Laptop,Electronics,5,1120.28,5601.4
2025-11-21T17:44:43.296941,Headphones,Electronics,5,155.61,778.05
2025-11-21T17:44:46.306837,Coffee,Grocery,2,4.49,8.98
2025-11-21T17:44:49.314883,Shoes,Apparel,4,108.03,432.12
2025-11-21T17:44:52.320507,Headphones,Electronics,5,113.33,566.65
2025-11-21T17:44:55.327819,Coffee,Grocery,3,5.17,15.51
2025-11-21T17:44:58.346198,Laptop,Electronics,2,1269.13,2538.26
2025-11-21T17:45:01.354763,Shoes,Apparel,1,107.49,107.49
2025-11-21T17:45:04.362628,Shoes,Apparel,2,76.78,153.56
2025-11-21T17:45:07.371059,Laptop,Electronics,1,1056.59,1056.59
2025-11-21T17:45:10.376091,T-Shirt,Apparel,4,11.69,46.76
2025-11-21T17:45:13.384761,Shoes,Apparel,3,86.29,258.87
2025-11-21T17:45:16.390612,T-Shirt,Apparel,5,21.41,107.05
2025-11-21T17:45:19.400156,Laptop,Electronics,3,998.86,2996.58
2025-11-21T17:45:22.404807,Headphones,Electronics,3,153.22,459.66
2025-11-21T17:45:25.412710,T-Shirt,Apparel,2,26.75,53.5
2025-11-21T17:45:28.421578,Coffee,Grocery,2,6.01,12.02
2025-11-21T17:45:31.428401,Headphones,Electronics,5,119.4,597.0
2025-11-21T17:45:34.432355,Coffee,Grocery,4,4.51,18.04
2025-11-21T17:45:37.439383,Laptop,Electronics,3,1225.27,3675.81
2025-11-21T17:45:40.449261,Headphones,Electronics,1,96.11,96.11
2025-11-21T17:45:43.456794,Shoes,Apparel,5,110.38,551.9
2025-11-21T17:45:46.464236,Laptop,Electronics,4,1266.73,5066.92
2025-11-21T17:45:49.473604,Headphones,Electronics,3,50.6,151.8
2025-11-21T17:45:52.484070,T-Shirt,Apparel,5,24.35,121.75
2025-11-21T17:45:55.491701,Shoes,Apparel,1,75.64,75.64
2025-11-21T17:45:58.497780,Coffee,Grocery,5,3.96,19.8
2025-11-21T17:46:01.505557,Laptop,Electronics,4,1205.59,4822.36
2025-11-21T17:46:04.514145,T-Shirt,Apparel,2,17.11,34.22
2025-11-21T17:46:07.518594,T-Shirt,Apparel,4,11.69,46.76
2025-11-21T17:46:10.526837,Coffee,Grocery,4,7.31,29.24
2025-11-21T17:46:13.534974,Headphones,Electronics,5,65.25,326.25
2025-11-21T17:46:16.542320,T-Shirt,Apparel,3,29.2,87.6
2025-11-21T17:46:19.547277,Shoes,Apparel,5,41.37,206.85
2025-11-21T17:46:22.556823,Headphones,Electronics,5,67.6,338.0
2025-11-21T17:46:25.566159,Shoes,Apparel,2,76.6,153.2
2025-11-21T17:46:28.572226,Laptop,Electronics,4,937.7,3750.8
2025-11-21T17:46:31.579235,T-Shirt,Apparel,1,15.77,15.77
2025-11-21T17:46:34.587151,Laptop,Electronics,1,1161.68,1161.68
2025-11-21T17:46:37.593345,Coffee,Grocery,3,7.41,22.23
2025-11-21T17:46:40.599937,Shoes,Apparel,3,104.58,313.74
2025-11-21T17:46:43.608913,Shoes,Apparel,2,47.78,95.56
2025-11-21T17:46:46.618144,T-Shirt,Apparel,4,11.31,45.24
2025-11-21T17:46:49.625007,Shoes,Apparel,3,88.08,264.24
2025-11-21T17:46:52.633121,Coffee,Grocery,2,5.41,10.82
2025-11-21T17:46:55.642164,Coffee,Grocery,3,3.92,11.76
2025-11-21T17:46:58.649788,Laptop,Electronics,2,1235.67,2471.34
2025-11-21T17:47:01.659026,Headphones,Electronics,1,131.51,131.51
2025-11-21T17:47:04.666295,Laptop,Electronics,2,1467.14,2934.28
2025-11-21T17:47:07.673379,T-Shirt,Apparel,1,16.53,16.53
2025-11-21T17:47:10.680230,Laptop,Electronics,3,1475.86,4427.58
2025-11-21T17:47:13.687069,Coffee,Grocery,4,4.25,17.0
2025-11-21T17:47:16.694833,Laptop,Electronics,3,1333.99,4001.97
2025-11-21T17:47:19.698027,Coffee,Grocery,4,6.64,26.56
2025-11-21T17:47:22.703402,Shoes,Apparel,2,119.27,238.54
2025-11-21T17:47:25.706992,Shoes,Apparel,1,112.06,112.06
2025-11-21T17:47:28.714079,Laptop,Electronics,5,1029.49,5147.45
2025-11-21T17:47:31.720456,Headphones,Electronics,5,55.14,275.7
2025-11-21T17:47:34.726785,Coffee,Grocery,4,4.2,16.8
2025-11-21T17:47:37.736457,Shoes,Apparel,4,119.8,479.2
2025-11-21T17:47:40.743306,Coffee,Grocery,3,7.52,22.56
2025-11-21T17:47:43.749685,Headphones,Electronics,3,129.16,387.48
2025-11-21T17:47:46.760358,Headphones,Electronics,5,145.32,726.6
2025-11-21T17:47:49.766409,T-Shirt,Apparel,5,11.76,58.8
2025-11-21T17:47:52.773105,Headphones,Electronics,4,53.04,212.16
2025-11-21T17:47:55.778908,Shoes,Apparel,3,60.94,182.82
2025-11-21T17:47:58.798848,Headphones,Electronics,1,130.8,130.8
2025-11-21T17:48:01.806879,T-Shirt,Apparel,3,17.78,53.34
2025-11-21T17:48:04.816366,T-Shirt,Apparel,3,17.93,53.79
2025-11-21T17:48:07.823305,Laptop,Electronics,2,1054.81,2109.62
2025-11-21T17:48:10.831592,T-Shirt,Apparel,2,22.3,44.6
2025-11-21T17:48:13.840555,T-Shirt,Apparel,2,17.32,34.64
2025-11-21T17:48:16.845492,Headphones,Electronics,4,95.08,380.32
2025-11-21T17:48:19.850251,T-Shirt,Apparel,3,24.58,73.74
2025-11-21T17:48:22.858803,Coffee,Grocery,2,4.1,8.2
2025-11-21T17:48:25.866302,Shoes,Apparel,3,75.27,225.81
2025-11-21T17:48:28.874064,Shoes,Apparel,5,51.22,256.1
2025-11-21T17:48:31.881851,Shoes,Apparel,3,116.1,348.3
2025-11-21T17:48:34.889983,T-Shirt,Apparel,3,28.8,86.4
2025-11-21T17:48:37.898892,T-Shirt,Apparel,5,29.95,149.75
2025-11-21T17:48:40.900591,Headphones,Electronics,5,171.27,856.35
2025-11-21T17:48:43.904849,Headphones,Electronics,1,166.39,166.39
2025-11-21T17:48:46.912545,Headphones,Electronics,3,75.69,227.07
2025-11-21T17:48:49.920458,Shoes,Apparel,1,105.94,105.94
2025-11-21T17:48:52.927272,Laptop,Electronics,5,1105.36,5526.8
2025-11-21T17:48:55.931793,T-Shirt,Apparel,2,29.66,59.32
2025-11-21T17:48:58.939940,Laptop,Electronics,1,1016.96,1016.96
2025-11-21T17:49:01.947861,Laptop,Electronics,2,1302.79,2605.58
2025-11-21T17:49:04.958471,Coffee,Grocery,1,6.49,6.49
2025-11-21T17:49:07.967134,Headphones,Electronics,5,69.09,345.45
2025-11-21T17:49:10.975372,T-Shirt,Apparel,4,18.12,72.48
2025-11-21T17:49:13.983491,Shoes,Apparel,4,105.84,423.36
2025-11-21T17:49:17.002633,T-Shirt,Apparel,4,16.61,66.44
2025-11-21T17:49:20.008620,Coffee,Grocery,3,4.63,13.89
2025-11-21T17:49:23.017263,T-Shirt,Apparel,3,27.61,82.83
2025-11-21T17:49:26.027612,Laptop,Electronics,1,1272.72,1272.72
2025-11-21T17:49:29.032988,Shoes,Apparel,3,108.14,324.42
2025-11-21T17:49:32.040685,Headphones,Electronics,3,195.31,585.93
2025-11-21T17:49:35.050269,Shoes,Apparel,1,95.21,95.21
2025-11-21T17:49:38.055721,Headphones,Electronics,5,154.74,773.7
2025-11-21T17:49:41.063632,Coffee,Grocery,3,5.81,17.43
2025-11-21T17:49:44.072512,T-Shirt,Apparel,4,29.83,119.32
2025-11-21T17:49:47.082558,Laptop,Electronics,1,1143.19,1143.19
2025-11-21T17:49:50.091144,Coffee,Grocery,1,4.04,4.04
2025-11-21T17:49:53.099587,Coffee,Grocery,3,7.27,21.81
2025-11-21T17:49:56.107759,Headphones,Electronics,5,152.78,763.9
2025-11-21T17:49:59.117097,Headphones,Electronics,1,138.45,138.45
2025-11-21T17:50:02.123332,Shoes,Apparel,1,86.68,86.68
2025-11-21T17:50:05.132612,Coffee,Grocery,2,7.04,14.08
2025-11-21T17:50:08.141357,Laptop,Electronics,1,953.59,953.59
2025-11-21T17:50:11.146381,Headphones,Electronics,3,168.95,506.85
2025-11-21T17:50:14.153409,Coffee,Grocery,4,6.46,25.84
2025-11-21T17:50:17.156716,Headphones,Electronics,4,148.53,594.12
2025-11-21T17:50:20.165008,T-Shirt,Apparel,4,11.76,47.04
2025-11-21T17:50:23.172601,Laptop,Electronics,4,1443.56,5774.24
2025-11-21T17:50:26.180711,T-Shirt,Apparel,1,16.38,16.38
2025-11-21T17:50:29.190000,T-Shirt,Apparel,1,19.33,19.33
2025-11-21T17:50:32.197819,Coffee,Grocery,1,6.32,6.32
2025-11-21T17:50:35.206236,Laptop,Electronics,2,1050.15,2100.3
2025-11-21T17:50:38.212373,Coffee,Grocery,3,3.09,9.27
2025-11-21T17:50:41.221695,Coffee,Grocery,4,3.92,15.68
2025-11-21T17:50:44.227479,Coffee,Grocery,4,7.57,30.28
2025-11-21T17:50:47.231961,Coffee,Grocery,4,6.32,25.28
2025-11-21T17:50:50.239019,Laptop,Electronics,4,1325.16,5300.64
2025-11-21T17:50:53.243825,Laptop,Electronics,3,1036.52,3109.56
2025-11-21T17:50:56.249326,Shoes,Apparel,2,119.1,238.2
2025-11-21T17:50:59.253724,Laptop,Electronics,1,1316.32,1316.32
2025-11-21T17:51:02.262385,Coffee,Grocery,2,4.61,9.22
2025-11-21T17:51:05.269073,Laptop,Electronics,3,1047.29,3141.87
2025-11-21T17:51:08.275467,Coffee,Grocery,1,5.37,5.37
2025-11-21T17:51:11.284588,Coffee,Grocery,4,6.21,24.84
2025-11-21T17:51:14.294948,T-Shirt,Apparel,4,26.29,105.16
2025-11-21T17:51:17.299088,Laptop,Electronics,4,1141.43,4565.72
2025-11-21T17:51:20.306027,Headphones,Electronics,5,180.09,900.45
2025-11-21T17:51:23.314669,Laptop,Electronics,5,1176.25,5881.25
2025-11-21T17:51:26.321701,Headphones,Electronics,1,165.71,165.71
2025-11-21T17:51:29.329051,Headphones,Electronics,5,130.56,652.8
2025-11-21T17:51:32.338221,T-Shirt,Apparel,4,24.77,99.08
2025-11-21T17:51:35.345103,T-Shirt,Apparel,1,26.92,26.92
2025-11-21T17:51:38.354012,Laptop,Electronics,5,1398.92,6994.6
2025-11-21T17:51:41.363103,Shoes,Apparel,2,87.35,174.7
2025-11-21T17:51:44.372108,Coffee,Grocery,5,7.87,39.35
2025-11-21T17:51:47.377494,Laptop,Electronics,5,1294.29,6471.45
2025-11-21T17:51:50.383344,T-Shirt,Apparel,3,25.0,75.0
2025-11-21T17:51:53.392502,T-Shirt,Apparel,2,26.08,52.16
2025-11-21T17:51:56.400354,Headphones,Electronics,4,140.2,560.8
2025-11-21T17:51:59.409264,Laptop,Electronics,3,904.09,2712.27
2025-11-21T17:52:02.415278,Coffee,Grocery,2,5.6,11.2
2025-11-21T17:52:05.422443,Shoes,Apparel,3,68.12,204.36
2025-11-21T17:52:08.427166,Coffee,Grocery,5,7.57,37.85
2025-11-21T17:52:11.433556,Laptop,Electronics,4,1144.19,4576.76
2025-11-21T17:52:14.441550,T-Shirt,Apparel,2,29.99,59.98
2025-11-21T17:52:17.446577,Coffee,Grocery,3,6.34,19.02
2025-11-21T17:52:20.453598,Shoes,Apparel,4,108.61,434.44
2025-11-21T17:52:23.463863,Headphones,Electronics,4,196.1,784.4
2025-11-21T17:52:26.472889,Laptop,Electronics,4,961.92,3847.68
2025-11-21T17:52:29.482161,Headphones,Electronics,3,82.9,248.7
2025-11-21T17:52:32.491319,Shoes,Apparel,3,112.24,336.72
2025-11-21T17:52:35.499053,Coffee,Grocery,2,7.7,15.4
2025-11-21T17:52:38.508621,Coffee,Grocery,3,5.63,16.89
2025-11-21T17:52:41.515845,Coffee,Grocery,2,7.06,14.12
2025-11-21T17:52:44.525166,T-Shirt,Apparel,3,11.88,35.64
2025-11-21T17:52:47.534508,Laptop,Electronics,3,979.76,2939.28
2025-11-21T17:52:50.543735,Headphones,Electronics,4,167.1,668.4
2025-11-21T17:52:53.550085,Coffee,Grocery,2,4.95,9.9
2025-11-21T17:52:56.557111,Headphones,Electronics,5,57.47,287.35
2025-11-21T17:52:59.567375,T-Shirt,Apparel,3,11.24,33.72
2025-11-21T17:53:02.576712,Headphones,Electronics,1,199.52,199.52
2025-11-21T17:53:05.585419,Headphones,Electronics,4,51.64,206.56
2025-11-21T17:53:08.594762,Laptop,Electronics,4,1168.38,4673.52
2025-11-21T17:53:11.600115,T-Shirt,Apparel,1,13.55,13.55
2025-11-21T17:53:14.605848,T-Shirt,Apparel,5,27.49,137.45
2025-11-21T17:53:17.613584,Coffee,Grocery,2,3.25,6.5
2025-11-21T17:53:20.619774,T-Shirt,Apparel,4,20.54,82.16
2025-11-21T17:53:23.627509,Coffee,Grocery,2,6.73,13.46
2025-11-21T17:53:26.632446,Headphones,Electronics,3,142.88,428.64
2025-11-21T17:53:29.639369,Headphones,Electronics,4,143.48,573.92
2025-11-21T17:53:32.647763,Headphones,Electronics,1,167.95,167.95
2025-11-21T17:53:35.657941,Headphones,Electronics,1,191.64,191.64
2025-11-21T17:53:38.667513,Coffee,Grocery,3,4.42,13.26
2025-11-21T17:53:41.675125,Headphones,Electronics,2,112.43,224.86
2025-11-21T17:53:44.684323,T-Shirt,Apparel,2,25.48,50.96
2025-11-21T17:53:47.693479,Coffee,Grocery,5,6.55,32.75
2025-11-21T17:53:50.702906,Shoes,Apparel,1,109.15,109.15
2025-11-21T17:53:53.708387,Shoes,Apparel,5,98.17,490.85
2025-11-21T17:53:56.715965,Headphones,Electronics,1,132.74,132.74
2025-11-21T17:53:59.724734,Headphones,Electronics,3,152.65,457.95
2025-11-21T17:54:02.734195,Coffee,Grocery,4,7.35,29.4
2025-11-21T17:54:05.743720,T-Shirt,Apparel,2,19.14,38.28
2025-11-21T17:54:08.752757,Coffee,Grocery,5,5.33,26.65
2025-11-21T17:54:11.757833,Headphones,Electronics,4,123.24,492.96
2025-11-21T17:54:14.764713,Headphones,Electronics,4,196.12,784.48
2025-11-21T17:54:17.774567,Headphones,Electronics,1,129.35,129.35
2025-11-21T17:54:20.784365,Headphones,Electronics,2,122.53,245.06
2025-11-21T17:54:23.795774,Headphones,Electronics,5,102.54,512.7
2025-11-21T17:54:26.805091,Headphones,Electronics,4,195.22,780.88
2025-11-21T17:54:29.814105,Laptop,Electronics,5,1121.08,5605.4
2025-11-21T17:54:32.823007,Headphones,Electronics,1,154.76,154.76
2025-11-21T17:54:35.832480,Headphones,Electronics,5,72.99,364.95
2025-11-21T17:54:38.841513,Coffee,Grocery,3,4.85,14.55
2025-11-21T17:54:41.850183,Coffee,Grocery,5,6.2,31.0
2025-11-21T17:54:44.858422,T-Shirt,Apparel,3,22.05,66.15
2025-11-21T17:54:47.867045,Headphones,Electronics,1,148.2,148.2
2025-11-21T17:54:50.875884,T-Shirt,Apparel,1,26.74,26.74
2025-11-21T17:54:53.885201,Shoes,Apparel,1,70.8,70.8
2025-11-21T17:54:56.894547,Laptop,Electronics,3,1139.27,3417.81
2025-11-21T17:54:59.900984,Laptop,Electronics,1,931.82,931.82
2025-11-21T17:55:02.906886,Coffee,Grocery,3,5.15,15.45
2025-11-21T17:55:05.915695,Shoes,Apparel,5,81.93,409.65
2025-11-21T17:55:08.924771,Shoes,Apparel,1,81.72,81.72
2025-11-21T17:55:11.932349,Shoes,Apparel,4,55.38,221.52
2025-11-21T17:55:14.941416,Coffee,Grocery,5,6.49,32.45
2025-11-21T17:55:17.951139,T-Shirt,Apparel,3,12.21,36.63
2025-11-21T17:55:20.960474,Shoes,Apparel,3,73.88,221.64
2025-11-21T17:55:23.965684,Coffee,Grocery,1,3.79,3.79
2025-11-21T17:55:26.973512,T-Shirt,Apparel,3,21.83,65.49
2025-11-21T17:55:29.982343,Headphones,Electronics,2,86.23,172.46
2025-11-21T17:55:32.987388,Headphones,Electronics,2,80.82,161.64
2025-11-21T17:55:35.996715,T-Shirt,Apparel,4,22.82,91.28
2025-11-21T17:55:39.006812,Laptop,Electronics,1,1475.16,1475.16
2025-11-21T17:55:42.015851,Laptop,Electronics,1,1052.35,1052.35
2025-11-21T17:55:45.022901,Laptop,Electronics,2,998.87,1997.74
2025-11-21T17:55:48.032304,Coffee,Grocery,4,7.87,31.48
2025-11-21T17:55:51.040161,Coffee,Grocery,5,7.32,36.6
2025-11-21T17:55:54.048094,Coffee,Grocery,2,6.76,13.52
2025-11-21T17:55:57.059724,Headphones,Electronics,1,71.0,71.0
2025-11-21T17:56:00.064613,Coffee,Grocery,3,5.71,17.13
2025-11-21T17:56:03.075140,T-Shirt,Apparel,1,11.89,11.89
2025-11-21T17:56:06.080467,T-Shirt,Apparel,4,24.66,98.64
2025-11-21T17:56:09.089811,Coffee,Grocery,2,3.73,7.46
2025-11-21T17:56:12.100664,Laptop,Electronics,4,1186.02,4744.08
2025-11-21T17:56:15.105633,Headphones,Electronics,3,52.37,157.11
2025-11-21T17:56:18.114514,Laptop,Electronics,4,1323.94,5295.76
2025-11-21T17:56:21.121840,T-Shirt,Apparel,5,29.57,147.85
2025-11-21T17:56:24.131160,Shoes,Apparel,5,71.14,355.7
2025-11-21T17:56:27.141493,Headphones,Electronics,5,160.24,801.2
2025-11-21T17:56:30.151206,Shoes,Apparel,2,96.44,192.88
2025-11-21T17:56:33.160843,Laptop,Electronics,1,1009.64,1009.64
2025-11-21T17:56:36.170237,T-Shirt,Apparel,4,20.44,81.76
2025-11-21T17:56:39.180158,Headphones,Electronics,5,124.25,621.25
2025-11-21T17:56:42.189344,T-Shirt,Apparel,4,11.48,45.92
2025-11-21T17:56:45.197813,T-Shirt,Apparel,4,14.88,59.52
2025-11-21T17:56:48.208303,Coffee,Grocery,3,5.13,15.39
2025-11-21T17:56:51.214415,Headphones,Electronics,1,103.27,103.27
2025-11-21T17:56:54.223772,Laptop,Electronics,2,1063.64,2127.28
2025-11-21T17:56:57.234321,Shoes,Apparel,2,90.57,181.14
2025-11-21T17:57:00.243581,Headphones,Electronics,2,140.94,281.88
2025-11-21T17:57:03.253767,T-Shirt,Apparel,2,22.53,45.06
2025-11-21T17:57:06.263214,Laptop,Electronics,5,1280.13,6400.65
2025-11-21T17:57:09.272600,Headphones,Electronics,4,75.73,302.92
2025-11-21T17:57:12.281012,Laptop,Electronics,3,914.04,2742.12
2025-11-21T17:57:15.289373,Coffee,Grocery,4,7.17,28.68
2025-11-21T17:57:18.298662,Coffee,Grocery,3,6.73,20.19
2025-11-21T17:57:21.306542,T-Shirt,Apparel,3,15.58,46.74
2025-11-21T17:57:24.315571,T-Shirt,Apparel,4,16.35,65.4
2025-11-21T17:57:27.322648,Headphones,Electronics,3,123.01,369.03
2025-11-21T17:57:30.331799,Shoes,Apparel,4,108.07,432.28
2025-11-21T17:57:33.342023,Shoes,Apparel,3,47.07,141.21
2025-11-21T17:57:36.347508,Laptop,Electronics,3,1254.48,3763.44
2025-11-21T17:57:39.355948,Coffee,Grocery,2,3.03,6.06
2025-11-21T17:57:42.364331,Coffee,Grocery,1,3.16,3.16
2025-11-21T17:57:45.373158,Laptop,Electronics,3,1030.54,3091.62
2025-11-21T17:57:48.382521,T-Shirt,Apparel,1,22.46,22.46
2025-11-21T17:57:51.391884,Headphones,Electronics,1,130.66,130.66
2025-11-21T17:57:54.400243,Shoes,Apparel,4,91.93,367.72
2025-11-21T17:57:57.404427,Shoes,Apparel,4,89.64,358.56
2025-11-21T17:58:00.413568,Coffee,Grocery,3,3.17,9.51
2025-11-21T17:58:03.422820,Headphones,Electronics,4,92.85,371.4
2025-11-21T17:58:06.431188,Coffee,Grocery,2,3.99,7.98
2025-11-21T17:58:09.440405,Laptop,Electronics,2,1208.37,2416.74
2025-11-21T17:58:12.450686,T-Shirt,Apparel,3,20.28,60.84
2025-11-21T17:58:15.462143,Shoes,Apparel,2,47.79,95.58
2025-11-21T17:58:18.471704,T-Shirt,Apparel,1,24.34,24.34
2025-11-21T17:58:21.475777,Shoes,Apparel,4,116.4,465.6
2025-11-21T17:58:24.481118,Headphones,Electronics,3,104.34,313.02
2025-11-21T17:58:27.490874,Headphones,Electronics,5,123.93,619.65
2025-11-21T17:58:30.500335,Headphones,Electronics,4,162.93,651.72
2025-11-21T17:58:33.509638,T-Shirt,Apparel,2,19.27,38.54
2025-11-21T17:58:36.514431,T-Shirt,Apparel,5,27.42,137.1
2025-11-21T17:58:39.524546,Coffee,Grocery,2,6.25,12.5
2025-11-21T17:58:42.533739,Laptop,Electronics,2,931.57,1863.14
2025-11-21T17:58:45.543148,Coffee,Grocery,5,6.97,34.85
2025-11-21T17:58:48.552327,Laptop,Electronics,4,1432.51,5730.04
2025-11-21T17:58:51.559342,Headphones,Electronics,2,52.85,105.7
2025-11-21T17:58:54.568644,T-Shirt,Apparel,4,18.71,74.84
2025-11-21T17:58:57.573250,Headphones,Electronics,2,167.34,334.68
2025-11-21T17:59:00.577857,Laptop,Electronics,5,1180.75,5903.75
2025-11-21T17:59:03.587976,T-Shirt,Apparel,4,17.66,70.64
2025-11-21T17:59:06.596289,Coffee,Grocery,5,3.28,16.4
2025-11-21T17:59:09.606312,Laptop,Electronics,1,1357.22,1357.22
2025-11-21T17:59:12.614518,Laptop,Electronics,2,1074.99,2149.98
2025-11-21T17:59:15.624811,T-Shirt,Apparel,3,12.89,38.67
2025-11-21T17:59:18.632157,Coffee,Grocery,1,5.39,5.39
2025-11-21T17:59:21.640336,Laptop,Electronics,5,1224.68,6123.4
2025-11-21T17:59:24.649598,Coffee,Grocery,4,4.92,19.68
2025-11-21T17:59:27.658589,Laptop,Electronics,1,1314.77,1314.77
2025-11-21T17:59:30.663872,Coffee,Grocery,3,5.03,15.09
2025-11-21T17:59:33.672052,Laptop,Electronics,1,1034.8,1034.8
2025-11-21T17:59:36.680854,Shoes,Apparel,5,41.16,205.8
2025-11-21T17:59:39.689448,Shoes,Apparel,1,106.77,106.77
2025-11-21T17:59:42.695277,Shoes,Apparel,1,95.19,95.19
2025-11-21T17:59:45.704184,T-Shirt,Apparel,1,21.66,21.66
2025-11-21T17:59:48.710201,Coffee,Grocery,5,4.0,20.0
2025-11-21T17:59:51.720559,Laptop,Electronics,2,929.38,1858.76
2025-11-21T17:59:54.727639,Laptop,Electronics,1,1027.78,1027.78
2025-11-21T17:59:57.733242,Coffee,Grocery,4,4.24,16.96
2025-11-21T18:00:00.737677,T-Shirt,Apparel,1,22.77,22.77
2025-11-21T18:00:03.741511,Coffee,Grocery,2,5.96,11.92
2025-11-21T18:00:06.749643,Shoes,Apparel,2,67.73,135.46
2025-11-21T18:00:09.756387,T-Shirt,Apparel,4,14.12,56.48
2025-11-21T18:00:12.759824,T-Shirt,Apparel,2,28.21,56.42
2025-11-21T18:00:15.767563,T-Shirt,Apparel,2,15.28,30.56
2025-11-21T18:00:18.771162,Laptop,Electronics,1,1193.28,1193.28
2025-11-21T18:00:21.775820,T-Shirt,Apparel,5,26.4,132.0
2025-11-21T18:00:24.784225,Headphones,Electronics,2,168.63,337.26
2025-11-21T18:00:27.791160,Laptop,Electronics,3,1180.46,3541.38
2025-11-21T18:00:30.798356,Laptop,Electronics,5,1097.24,5486.2
2025-11-21T18:00:33.801751,T-Shirt,Apparel,5,21.29,106.45
2025-11-21T18:00:36.807536,Coffee,Grocery,2,5.98,11.96
2025-11-21T18:00:39.816191,T-Shirt,Apparel,2,19.95,39.9
2025-11-21T18:00:42.824176,Laptop,Electronics,2,1493.22,2986.44
2025-11-21T18:00:45.832030,Coffee,Grocery,2,7.84,15.68
2025-11-21T18:00:48.835042,Coffee,Grocery,3,6.64,19.92
2025-11-21T18:00:51.842433,Headphones,Electronics,1,197.9,197.9
2025-11-21T18:00:54.849587,Laptop,Electronics,3,1021.01,3063.03
2025-11-21T18:00:57.855903,Coffee,Grocery,3,7.51,22.53
2025-11-21T18:01:00.862907,Coffee,Grocery,3,6.09,18.27
2025-11-21T18:01:03.870802,T-Shirt,Apparel,2,10.75,21.5
2025-11-21T18:01:06.880292,Coffee,Grocery,3,7.89,23.67
2025-11-21T18:01:09.893251,T-Shirt,Apparel,4,27.49,109.96
2025-11-21T18:01:12.900980,Coffee,Grocery,3,3.35,10.05
2025-11-21T18:01:15.909200,T-Shirt,Apparel,1,28.6,28.6
2025-11-21T18:01:18.916274,Shoes,Apparel,2,117.66,235.32
2025-11-21T18:01:21.924346,Laptop,Electronics,3,1245.02,3735.06
2025-11-21T18:01:24.928181,Coffee,Grocery,5,5.49,27.45
2025-11-21T18:01:27.938049,Laptop,Electronics,4,1014.05,4056.2
2025-11-21T18:01:30.948486,T-Shirt,Apparel,5,27.39,136.95
2025-11-21T18:01:33.953741,Shoes,Apparel,1,49.99,49.99
2025-11-21T18:01:36.962428,Headphones,Electronics,4,186.73,746.92
2025-11-21T18:01:39.973115,Shoes,Apparel,4,74.36,297.44
2025-11-21T18:01:42.982608,T-Shirt,Apparel,3,25.42,76.26
2025-11-21T18:01:45.988755,Laptop,Electronics,5,1431.61,7158.05
2025-11-21T18:01:48.993735,Headphones,Electronics,1,188.66,188.66
2025-11-21T18:01:51.999338,Laptop,Electronics,4,1101.17,4404.68
2025-11-21T18:01:55.007699,Laptop,Electronics,4,1485.01,5940.04
2025-11-21T18:01:58.015815,Headphones,Electronics,4,91.64,366.56
2025-11-21T18:02:01.033762,Laptop,Electronics,3,1206.5,3619.5
2025-11-21T18:02:04.041843,Headphones,Electronics,2,81.97,163.94
2025-11-21T18:02:07.050223,Coffee,Grocery,4,4.35,17.4
2025-11-21T18:02:10.058254,Laptop,Electronics,5,1302.89,6514.45
2025-11-21T18:02:13.066147,Laptop,Electronics,5,1284.15,6420.75
2025-11-21T18:02:16.075464,Shoes,Apparel,2,50.77,101.54
2025-11-21T18:02:19.084866,T-Shirt,Apparel,1,24.89,24.89
2025-11-21T18:02:22.089393,Laptop,Electronics,5,1216.02,6080.1
2025-11-21T18:02:25.099121,Shoes,Apparel,1,97.5,97.5
